{
  "mlp": {
    "A": {
      "precision": 0.9926900584795322,
      "recall": 0.9869186046511628,
      "f1-score": 0.9897959183673469,
      "support": 688.0
    },
    "B": {
      "precision": 0.9940740740740741,
      "recall": 0.9940740740740741,
      "f1-score": 0.9940740740740741,
      "support": 675.0
    },
    "C": {
      "precision": 0.9905808477237049,
      "recall": 0.9921383647798742,
      "f1-score": 0.9913589945011784,
      "support": 636.0
    },
    "D": {
      "precision": 0.9846153846153847,
      "recall": 0.9909677419354839,
      "f1-score": 0.9877813504823151,
      "support": 775.0
    },
    "E": {
      "precision": 0.9789915966386554,
      "recall": 0.9943100995732574,
      "f1-score": 0.9865913902611151,
      "support": 703.0
    },
    "F": {
      "precision": 0.9942660550458715,
      "recall": 0.9942660550458715,
      "f1-score": 0.9942660550458715,
      "support": 872.0
    },
    "G": {
      "precision": 0.9922178988326849,
      "recall": 0.9947984395318595,
      "f1-score": 0.9935064935064936,
      "support": 769.0
    },
    "H": {
      "precision": 0.9931693989071039,
      "recall": 0.9811066126855601,
      "f1-score": 0.9871011541072641,
      "support": 741.0
    },
    "I": {
      "precision": 0.9958563535911602,
      "recall": 0.9716981132075472,
      "f1-score": 0.9836289222373806,
      "support": 742.0
    },
    "J": {
      "precision": 0.9911616161616161,
      "recall": 0.9886649874055415,
      "f1-score": 0.9899117276166457,
      "support": 794.0
    },
    "K": {
      "precision": 0.9891304347826086,
      "recall": 0.9951397326852977,
      "f1-score": 0.9921259842519685,
      "support": 823.0
    },
    "L": {
      "precision": 0.9885350318471338,
      "recall": 0.9948717948717949,
      "f1-score": 0.9916932907348243,
      "support": 780.0
    },
    "M": {
      "precision": 0.9579124579124579,
      "recall": 0.969335604770017,
      "f1-score": 0.9635901778154107,
      "support": 587.0
    },
    "N": {
      "precision": 0.9477124183006536,
      "recall": 0.9477124183006536,
      "f1-score": 0.9477124183006536,
      "support": 459.0
    },
    "O": {
      "precision": 0.9789621318373072,
      "recall": 0.9900709219858156,
      "f1-score": 0.9844851904090268,
      "support": 705.0
    },
    "P": {
      "precision": 0.9984101748807631,
      "recall": 0.9843260188087775,
      "f1-score": 0.9913180741910024,
      "support": 638.0
    },
    "Q": {
      "precision": 0.9807692307692307,
      "recall": 0.9910313901345291,
      "f1-score": 0.9858736059479554,
      "support": 669.0
    },
    "R": {
      "precision": 0.9897172236503856,
      "recall": 0.9808917197452229,
      "f1-score": 0.9852847088931542,
      "support": 785.0
    },
    "S": {
      "precision": 0.9836683417085427,
      "recall": 0.9886363636363636,
      "f1-score": 0.9861460957178841,
      "support": 792.0
    },
    "T": {
      "precision": 0.9958333333333333,
      "recall": 0.9944521497919556,
      "f1-score": 0.9951422623178349,
      "support": 721.0
    },
    "U": {
      "precision": 0.9856584093872229,
      "recall": 0.9856584093872229,
      "f1-score": 0.9856584093872229,
      "support": 767.0
    },
    "V": {
      "precision": 0.9987096774193548,
      "recall": 0.993581514762516,
      "f1-score": 0.9961389961389961,
      "support": 779.0
    },
    "W": {
      "precision": 0.9920634920634921,
      "recall": 0.9920634920634921,
      "f1-score": 0.9920634920634921,
      "support": 756.0
    },
    "X": {
      "precision": 0.9865470852017937,
      "recall": 0.9836065573770492,
      "f1-score": 0.9850746268656716,
      "support": 671.0
    },
    "Y": {
      "precision": 0.9974587039390089,
      "recall": 0.9924146649810367,
      "f1-score": 0.9949302915082383,
      "support": 791.0
    },
    "Z": {
      "precision": 0.9931318681318682,
      "recall": 0.9917695473251029,
      "f1-score": 0.9924502402196294,
      "support": 729.0
    },
    "del": {
      "precision": 0.9820846905537459,
      "recall": 0.9852941176470589,
      "f1-score": 0.9836867862969005,
      "support": 612.0
    },
    "nothing": {
      "precision": 0.2,
      "recall": 0.25,
      "f1-score": 0.2222222222222222,
      "support": 4.0
    },
    "space": {
      "precision": 0.9665551839464883,
      "recall": 0.9714285714285714,
      "f1-score": 0.9689857502095558,
      "support": 595.0
    },
    "accuracy": 0.9871871572439924,
    "macro avg": {
      "precision": 0.9593270059908683,
      "recall": 0.9610768304342314,
      "f1-score": 0.9600896104721147,
      "support": 20058.0
    },
    "weighted avg": {
      "precision": 0.9872729664880814,
      "recall": 0.9871871572439924,
      "f1-score": 0.9872125078974253,
      "support": 20058.0
    }
  },
  "random_forest": {
    "A": {
      "precision": 0.9970760233918129,
      "recall": 0.9912790697674418,
      "f1-score": 0.9941690962099126,
      "support": 688.0
    },
    "B": {
      "precision": 0.9985141158989599,
      "recall": 0.9955555555555555,
      "f1-score": 0.9970326409495549,
      "support": 675.0
    },
    "C": {
      "precision": 0.9968652037617555,
      "recall": 1.0,
      "f1-score": 0.9984301412872841,
      "support": 636.0
    },
    "D": {
      "precision": 0.9974126778783958,
      "recall": 0.9948387096774194,
      "f1-score": 0.9961240310077519,
      "support": 775.0
    },
    "E": {
      "precision": 0.9943422913719944,
      "recall": 1.0,
      "f1-score": 0.9971631205673759,
      "support": 703.0
    },
    "F": {
      "precision": 0.9977116704805492,
      "recall": 1.0,
      "f1-score": 0.9988545246277205,
      "support": 872.0
    },
    "G": {
      "precision": 1.0,
      "recall": 0.9973992197659298,
      "f1-score": 0.9986979166666666,
      "support": 769.0
    },
    "H": {
      "precision": 1.0,
      "recall": 1.0,
      "f1-score": 1.0,
      "support": 741.0
    },
    "I": {
      "precision": 0.9973009446693657,
      "recall": 0.9959568733153639,
      "f1-score": 0.9966284558327714,
      "support": 742.0
    },
    "J": {
      "precision": 1.0,
      "recall": 0.9962216624685138,
      "f1-score": 0.9981072555205047,
      "support": 794.0
    },
    "K": {
      "precision": 0.9975728155339806,
      "recall": 0.9987849331713244,
      "f1-score": 0.9981785063752276,
      "support": 823.0
    },
    "L": {
      "precision": 1.0,
      "recall": 0.9987179487179487,
      "f1-score": 0.9993585631815266,
      "support": 780.0
    },
    "M": {
      "precision": 0.9603960396039604,
      "recall": 0.9914821124361158,
      "f1-score": 0.9756915339480302,
      "support": 587.0
    },
    "N": {
      "precision": 0.9819819819819819,
      "recall": 0.9498910675381264,
      "f1-score": 0.9656699889258029,
      "support": 459.0
    },
    "O": {
      "precision": 0.9929078014184397,
      "recall": 0.9929078014184397,
      "f1-score": 0.9929078014184397,
      "support": 705.0
    },
    "P": {
      "precision": 0.9984276729559748,
      "recall": 0.9952978056426333,
      "f1-score": 0.9968602825745683,
      "support": 638.0
    },
    "Q": {
      "precision": 0.9940387481371088,
      "recall": 0.9970104633781763,
      "f1-score": 0.9955223880597015,
      "support": 669.0
    },
    "R": {
      "precision": 0.9974424552429667,
      "recall": 0.9936305732484076,
      "f1-score": 0.9955328653477984,
      "support": 785.0
    },
    "S": {
      "precision": 0.9949685534591195,
      "recall": 0.9987373737373737,
      "f1-score": 0.9968494013862634,
      "support": 792.0
    },
    "T": {
      "precision": 0.9958563535911602,
      "recall": 1.0,
      "f1-score": 0.9979238754325259,
      "support": 721.0
    },
    "U": {
      "precision": 0.9947848761408083,
      "recall": 0.9947848761408083,
      "f1-score": 0.9947848761408083,
      "support": 767.0
    },
    "V": {
      "precision": 1.0,